sequence	sgID	Gene
TCTGATATAATTCGCGCGGA	VEGFA_sg1	VEGFA
TCAGAAAAACCTTATGAAAG	VEGFA_sg2	VEGFA
CTTAGATGGGGAGTGTTCCG	VEGFA_sg3	VEGFA
TTCTACGGAATAGCGTCACT	VEGFA_sg4	VEGFA
GCGCCAAGTGGAAGAACAAC	VEGFA_sg5	VEGFA
CTCCCAATATGCAACTCATA	VEGFA_sg6	VEGFA
AATCTAGTGAAGCGGTTTTC	VEGFC_sg1	VEGFC
AGCAGGATGATATACTACGC	VEGFC_sg2	VEGFC
TTTTCGTGGGTGATCCATGA	VEGFC_sg3	VEGFC
GCATAGATTTAAGAGCGGAA	VEGFC_sg4	VEGFC
TCTCCCGGCAACTCAGCTAG	VEGFC_sg5	VEGFC
GGGTTACCGTGGGGGCAGTG	VEGFC_sg6	VEGFC
TTAGCGAGTCTTTGAATACT	EGF_sg1	EGF
ATTTGACACGTGCAGTTGGG	EGF_sg2	EGF
GAGTCAGATTTATCGCGACT	EGF_sg3	EGF
CCATTCTAGATCTCTGGCCC	EGF_sg4	EGF
AGGAACGTAGAGACGACCAT	EGF_sg5	EGF
ATTCCTTCATTCATTCATAG	EGF_sg6	EGF
AGGTGACAGGGCGTTTCCAC	FGF1_sg1	FGF1
GTTACCTTACGAAAAATTTG	FGF1_sg2	FGF1
GCTGGATAATTATGTTAGTG	FGF1_sg3	FGF1
GTCCATGGGAGAGATGCAGA	FGF1_sg4	FGF1
GTCCGGACCTCGTATCCTAC	FGF1_sg5	FGF1
CGTCGATCGTTAGAACGGGC	FGF1_sg6	FGF1
CCTCAGCTTCGACACCAACA	FGF2_sg1	FGF2
AATTCAGTGTAGCATCTGTG	FGF2_sg2	FGF2
GAGTCGCCCATTGCCTGACG	FGF2_sg3	FGF2
ATAGCTGACAGTGTGGTACG	FGF2_sg4	FGF2
CCTACTGGGGAGTAAAGATA	FGF2_sg5	FGF2
CACTTCGTACATGGCATCTA	FGF2_sg6	FGF2
GATATGCGAACAATCCCCGC	PDGFA_sg1	PDGFA
TAAGACCGTTGGCGCGGTCC	PDGFA_sg2	PDGFA
CCGTTTCGGGCAAAATTAAT	PDGFA_sg3	PDGFA
GGTGAGGGGGACTGGGAACC	PDGFA_sg4	PDGFA
CGGTGGAGGCTGAAAGGGCA	PDGFA_sg5	PDGFA
TTACGTTCGAAAAAACTCGG	PDGFA_sg6	PDGFA
GTCGTGAATCAGGGTTGATT	PDGFB_sg1	PDGFB
TGTCGGTCTGTTATATGAGA	PDGFB_sg2	PDGFB
AAGTCCACCTCTGCTTCACA	PDGFB_sg3	PDGFB
TCCCGATGAGACACATAAAT	PDGFB_sg4	PDGFB
GTGGGCATTCCGCAAAAACA	PDGFB_sg5	PDGFB
AGTAAAGTGTCAGAAAATAC	PDGFB_sg6	PDGFB
TCTAACCATCCGAAAGTTGT	TGFB1_sg1	TGFB1
GGTGGCACCGTCGAGCGCTG	TGFB1_sg2	TGFB1
ACTACGCGAGATAAGTATGT	TGFB1_sg3	TGFB1
AGCCGCCTTCTATGACCTAC	TGFB1_sg4	TGFB1
TTCCAACCGCAAGGGGTTCC	TGFB1_sg5	TGFB1
CTCGGTACTCGTGAGAACTC	TGFB1_sg6	TGFB1
GTATATATGGTTGGTCTCTC	TGFB2_sg1	TGFB2
TGGACCTACTTGATCCGGGA	TGFB2_sg2	TGFB2
CAGAAGCAGGTAAGGTAGTC	TGFB2_sg3	TGFB2
TGATTCCGCCGAATGATGTC	TGFB2_sg4	TGFB2
TCCGGATAGTATGGGACCGC	TGFB2_sg5	TGFB2
AGATTACTCATCACAGGCCG	TGFB2_sg6	TGFB2
TGCAATCGTTGGGATGTGGA	TGFB3_sg1	TGFB3
TGTCATTTCATGGTGAATTT	TGFB3_sg2	TGFB3
GATAACATGCCATGCAGGAA	TGFB3_sg3	TGFB3
TATGCAGCAGACTTAACGCG	TGFB3_sg4	TGFB3
AAAACCAGCGGCTTATGACG	TGFB3_sg5	TGFB3
TGGTGCCACCCCGGTCAACT	TGFB3_sg6	TGFB3
CCTCCTAGGGTTTCGCTTTC	IGF1_sg1	IGF1
ATCCGTTTCCCCGGTTACGA	IGF1_sg2	IGF1
GAGATGATGGCTCCTGATAC	IGF1_sg3	IGF1
ATATGCTAGTCGAATAAAGC	IGF1_sg4	IGF1
CCGGGGGATGGGAGTACGGT	IGF1_sg5	IGF1
TTCACGCCATCTTCCAGGGC	IGF1_sg6	IGF1
ACGGTCGTGACACGGTGTCG	IGF2_sg1	IGF2
CTGTCGATGTTCCACATGGA	IGF2_sg2	IGF2
TACCATCTAAACTAGGAACT	IGF2_sg3	IGF2
GTCATAATTACCCGAAGCAT	IGF2_sg4	IGF2
CCACGTTAATATTGTGTTGG	IGF2_sg5	IGF2
GCGGGGGAACACAACCGTTT	IGF2_sg6	IGF2
TCGACTTGGGTAGCGCTTTG	HGF_sg1	HGF
TTAGGTTTATTTAAGAATAA	HGF_sg2	HGF
TTTTTCGAAGCACGACAGCT	HGF_sg3	HGF
TTACTAAAGCTAATCGTCCG	HGF_sg4	HGF
TAAACTGGCGAGAGCTGCCC	HGF_sg5	HGF
ACCTAACAAATGGGGGCGAT	HGF_sg6	HGF
CGACGGACCAGATGTCACGC	BMP2_sg1	BMP2
ACGGCACAGCCTAGTCTAGC	BMP2_sg2	BMP2
CTCCCTTCTCCAACCCACCA	BMP2_sg3	BMP2
GCTTTTATCAGATGGAGGCT	BMP2_sg4	BMP2
TACTCCGTAGGGGAGCTAAA	BMP2_sg5	BMP2
CATCTATAAATGTCGAGACT	BMP2_sg6	BMP2
TCCGAGCATTGTATAATTGT	BMP4_sg1	BMP4
TTTGGGTACCGCGATGACTT	BMP4_sg2	BMP4
AGTGGTGCTCATCCTGAATT	BMP4_sg3	BMP4
GTTTCTCACGGTTACGGTCG	BMP4_sg4	BMP4
GCACGACGGTGCGGAGCGGA	BMP4_sg5	BMP4
TGGTTTCCCTCAGGGGACCC	BMP4_sg6	BMP4
ACAAGCTCACGCCTGAGTCA	BMP7_sg1	BMP7
GCAGGTGACCTATCGGTTCC	BMP7_sg2	BMP7
TCAGGTTGCCAGGTTTAACT	BMP7_sg3	BMP7
TTGCGTAATGTAATCAGGTA	BMP7_sg4	BMP7
AACGCCACGTACGGAGCCTA	BMP7_sg5	BMP7
CGGGGCTACGAAACGGTTCA	BMP7_sg6	BMP7
GCACATTTGGTATACCTCGT	WNT3A_sg1	WNT3A
TTGTCGGTTACTCAGATCAT	WNT3A_sg2	WNT3A
GTTACACATGCTCAGGTTAA	WNT3A_sg3	WNT3A
CCTTCAAGTTCCAGCCCCGC	WNT3A_sg4	WNT3A
GACTCCGAAATGCAATACAT	WNT3A_sg5	WNT3A
GGTGTCACGAATCTAATAAG	WNT3A_sg6	WNT3A
ACCAGGGTCGCTATCATGTC	WNT5A_sg1	WNT5A
GAACGCATTAAGTCACTGCA	WNT5A_sg2	WNT5A
CTTTCATAAGACATGAAACG	WNT5A_sg3	WNT5A
GCCTGCAAAACCCGTTCATA	WNT5A_sg4	WNT5A
CCTCGACGGTACGTCCGGAC	WNT5A_sg5	WNT5A
GAGTAGCAGTTAGACCCCGG	WNT5A_sg6	WNT5A
AGGCGGGCTATTAGACCGAC	IL1B_sg1	IL1B
TGAGGACCATAGCCAATAAT	IL1B_sg2	IL1B
TCTACGCGGTCCCAAACCAC	IL1B_sg3	IL1B
TAGACGCGATAATTATTACC	IL1B_sg4	IL1B
TTAACCCTACCGTACACACC	IL1B_sg5	IL1B
CGACCGTGGCCCTCCTTATA	IL1B_sg6	IL1B
CGAGGACGCATTACATGTGA	IL6_sg1	IL6
GAGATTCAAATGTCGGAATA	IL6_sg2	IL6
CGCTTAGAGTGGCGCTGGGA	IL6_sg3	IL6
AGGACGTCCAAGGTTCACGC	IL6_sg4	IL6
TTCCTGACACCTCGCTACGG	IL6_sg5	IL6
GGCCCACGTCCAAACCCTAA	IL6_sg6	IL6
CCTCACCTCCGCTAACTCCA	CXCL8_sg1	CXCL8
GAAGATTGTTATCCGCTCCG	CXCL8_sg2	CXCL8
AGTAGTCGCACCAGTTGAGT	CXCL8_sg3	CXCL8
TGTGGGCTTTCAGAGCGCAG	CXCL8_sg4	CXCL8
ATGGGACACCGGTGCAGGGG	CXCL8_sg5	CXCL8
GGATCCGACTTGTGCTTGTC	CXCL8_sg6	CXCL8
ACTACATGCCCCTAAGCGTT	IL10_sg1	IL10
TGGGGTTAGAGTAGATGCCA	IL10_sg2	IL10
ATACGGGAGGCTACGAAATA	IL10_sg3	IL10
GTCCAAAACCTCCACTGATA	IL10_sg4	IL10
TGTTTTCGCTGAGGGGTCCG	IL10_sg5	IL10
TAAAGCAGTCTCTTCACTTA	IL10_sg6	IL10
ATGAGTTGTATGAGTTTGGC	IL11_sg1	IL11
GCAAAGACCAACACGCCCGA	IL11_sg2	IL11
GACGCATCACGTATGGCACC	IL11_sg3	IL11
GGCCCCGATACAAACAGTGA	IL11_sg4	IL11
CGGCGTCGCTTCACCAGAGG	IL11_sg5	IL11
ATTCAAAAACGACGGGGGCT	IL11_sg6	IL11
GACACTTAAACTGCCTTGGT	IL15_sg1	IL15
AATAATAAGGGGGCCACTGA	IL15_sg2	IL15
TACCGATGCTGAAGCCTAAT	IL15_sg3	IL15
AAGATGGTTCGACGTGTAGC	IL15_sg4	IL15
CCCGTCCACCCTCCACGCCA	IL15_sg5	IL15
CTTCCACCTAATTTACTATA	IL15_sg6	IL15
TTGCCGTGGGCATTATGGCC	IL18_sg1	IL18
TGGTGTAACCCTGATGCTCT	IL18_sg2	IL18
TATCTGGTCAACACACCCCT	IL18_sg3	IL18
GCCAGGTAAGTGTGATTGAA	IL18_sg4	IL18
AAATGAGTTCCGAGGTGTTC	IL18_sg5	IL18
GTCTAGGTGCCACTCTCTTT	IL18_sg6	IL18
CCACATTGTTAGCGCCGTCC	TNF_sg1	TNF
TCTCATCATTCTCTGGGGTC	TNF_sg2	TNF
TACCGCATGAGAACTCTATC	TNF_sg3	TNF
GGGTACGTGCGTTCCTAGAT	TNF_sg4	TNF
TTTGCAATACGTTAGTGAAG	TNF_sg5	TNF
TGTAGATGTGAGTCATCTCT	TNF_sg6	TNF
ATCAGCGCGACTGTTACAGC	LIF_sg1	LIF
AAGCGCCGGAGATGGGGGGG	LIF_sg2	LIF
CTTCCAAGGGCGAATTTAAG	LIF_sg3	LIF
AGGTTTCCCGGTAGCAACGT	LIF_sg4	LIF
CCTATGAATACCCATTAGGT	LIF_sg5	LIF
TCCCAATCGGGAGCCGCCTA	LIF_sg6	LIF
GATAGTCCAGCTAAGTACGT	CSF1_sg1	CSF1
GGAGATAACTGCACTGCAGT	CSF1_sg2	CSF1
ATACGATTTTACGCTGAGGC	CSF1_sg3	CSF1
GCGGTACTTGAGGAGGGAAT	CSF1_sg4	CSF1
CTAGGACGGAAATACTCCGC	CSF1_sg5	CSF1
TAGTATTTCAACTCATCGGA	CSF1_sg6	CSF1
CGTCACATTTCTGTCTTAGA	CSF2_sg1	CSF2
CCGATGCAAGCCCACACGTT	CSF2_sg2	CSF2
CTTTTGAACAGGTTATGCAG	CSF2_sg3	CSF2
TCACGTTTTGGAATTATCCA	CSF2_sg4	CSF2
AACAGCCAGATGGAGCCTTC	CSF2_sg5	CSF2
CGCAAGCAGAACAATAATCC	CSF2_sg6	CSF2
GCTGGTCACGGGGGAACGCT	CSF3_sg1	CSF3
AAGCCGCACGGGTGGAACCC	CSF3_sg2	CSF3
GCGTTGAGCTGAGGAAGACT	CSF3_sg3	CSF3
GAACCTACCACACTGCGTAT	CSF3_sg4	CSF3
GCGGACCAAAATGCGCGTTA	CSF3_sg5	CSF3
TAGACGTTCGTTCAGCCCAC	CSF3_sg6	CSF3
GAGAGGAACTACGGAAAGGG	CXCL1_sg1	CXCL1
TGTGCTTAGACTACGACTTG	CXCL1_sg2	CXCL1
CAGCAGTGGGAAGTTCCCTC	CXCL1_sg3	CXCL1
ATATACTTGCCAAGTGAGTG	CXCL1_sg4	CXCL1
CACCGACGCCAGACTTACTC	CXCL1_sg5	CXCL1
TGTTATCTCAGGATCTCCGG	CXCL1_sg6	CXCL1
CGGTCGACCTGCTAATATCG	CXCL2_sg1	CXCL2
CTTACGATACATCCCAAGCC	CXCL2_sg2	CXCL2
GAGACGCGGTTCTACTAGAG	CXCL2_sg3	CXCL2
AAATGTGGTCGGCACGACCA	CXCL2_sg4	CXCL2
TCTCCGGACCCGGGGTGCTT	CXCL2_sg5	CXCL2
AGTATACCGCATTAAGTTAT	CXCL2_sg6	CXCL2
TCAGACCACGCGCTTGGTTC	CXCL10_sg1	CXCL10
GATTGCACCTCGGTGTTTGC	CXCL10_sg2	CXCL10
TAGCAATTGTACGAGTACCA	CXCL10_sg3	CXCL10
ACAAGGGTGATGTTACAGTG	CXCL10_sg4	CXCL10
CGCATGAACTAAATAAATGG	CXCL10_sg5	CXCL10
TGGGCTGGTTCGCGGACATA	CXCL10_sg6	CXCL10
ACTTCAGACATGGATAGCGT	CXCL12_sg1	CXCL12
GTTCACATGCGCCCAATCAC	CXCL12_sg2	CXCL12
TAAAGGCGGCCAATAACTGT	CXCL12_sg3	CXCL12
TCAAAATTTCGCCCCAAAAC	CXCL12_sg4	CXCL12
TTTCCTCGAATCGTTGCACA	CXCL12_sg5	CXCL12
CGTCTGATTCATGTACAAGG	CXCL12_sg6	CXCL12
TTTTACCCGAGGGGAGCGTC	CCL2_sg1	CCL2
GTCTGGATGTCCATTAAAAT	CCL2_sg2	CCL2
ATGAGATACTGTCGACTAGC	CCL2_sg3	CCL2
TGAATATTGGGCCCTGAGCT	CCL2_sg4	CCL2
GTACTCGAGGTGTGGTCACT	CCL2_sg5	CCL2
CAGGGACCATTTTCATGGAA	CCL2_sg6	CCL2
CTACGGGCCGAGCCAGAGTA	CCL5_sg1	CCL5
CCTACTTCGAAAGTCGATGA	CCL5_sg2	CCL5
TCCCTATACTGTGTTCCTCG	CCL5_sg3	CCL5
TACGAACTAGCTACCTTCAG	CCL5_sg4	CCL5
GGCGTGTTATCCCTTACATT	CCL5_sg5	CCL5
ACAGCTCTGGAACCTTGGCG	CCL5_sg6	CCL5
TATACAGAGTAAGAAATTTC	CCL20_sg1	CCL20
AGTCCGGGAGTACCGGAATT	CCL20_sg2	CCL20
GCAGTGTGGCCCCCGGGCGT	CCL20_sg3	CCL20
CGGGAGCCTCGTCGGCTTAG	CCL20_sg4	CCL20
CCGGTGCTAACGTTGAACTG	CCL20_sg5	CCL20
TGGTGCCTAGCCTGGCACCC	CCL20_sg6	CCL20
TACCGGGTGACGCATCACTT	ANGPT1_sg1	ANGPT1
AACCCAGTCGACCTTTGACC	ANGPT1_sg2	ANGPT1
GACTGTGTGTGGGCGTAAAT	ANGPT1_sg3	ANGPT1
CAGGCGCACATCTGAGATCA	ANGPT1_sg4	ANGPT1
AGAAGTGGATCGAGGATCCA	ANGPT1_sg5	ANGPT1
CCACCTCCGACGAAGCGACG	ANGPT1_sg6	ANGPT1
AGGTGCTGGTGACAGTAACC	ANGPT2_sg1	ANGPT2
GCCCAGTAGCTTTGGATGGC	ANGPT2_sg2	ANGPT2
AGTGACTTACAACGCTATAT	ANGPT2_sg3	ANGPT2
TTCTTGGGCGGCTTTGGCGT	ANGPT2_sg4	ANGPT2
CTCTGTTCTCACAATTTGTA	ANGPT2_sg5	ANGPT2
GCAAACAGCCCCTTATTGGG	ANGPT2_sg6	ANGPT2
TGCCCTTCGTCTAGCGTTTC	ANGPTL4_sg1	ANGPTL4
TGAAAACGGCGCGCCTGGTG	ANGPTL4_sg2	ANGPTL4
CCGTGGCGAAGTGACACAAT	ANGPTL4_sg3	ANGPTL4
TAGTCGGCATTGAAAATAGT	ANGPTL4_sg4	ANGPTL4
TTCCATCCCGTATCCTGTGC	ANGPTL4_sg5	ANGPTL4
CCACTGAAATTCGATAGTAC	ANGPTL4_sg6	ANGPTL4
GTAGCCCAGGAGGGAGAAGG	SPP1_sg1	SPP1
TTGACCGTTAGTACTTCTCA	SPP1_sg2	SPP1
GGTTGCATTCTGCGTTCCTG	SPP1_sg3	SPP1
CTGGAGTTATATTCACCCCG	SPP1_sg4	SPP1
CCCCTCCCGCGTCATCGTGA	SPP1_sg5	SPP1
CCAAGTCTATCTGACTTGCG	SPP1_sg6	SPP1
CGTCACATCCGAATTGACCA	MMP1_sg1	MMP1
GTTGACCACCGCGGATGATA	MMP1_sg2	MMP1
GACAGGCTGTTTTTTAGACC	MMP1_sg3	MMP1
CGCAACTCAACACCGAAGCT	MMP1_sg4	MMP1
ACGCATCTGGGTTCACCTAC	MMP1_sg5	MMP1
TTACGACGCTTCTCTCTCTT	MMP1_sg6	MMP1
CTTTGCCAGGCTTTAGCGGA	MMP2_sg1	MMP2
CATCGCAGGACGATTACATA	MMP2_sg2	MMP2
CGTACGTAAACCTTCAATCG	MMP2_sg3	MMP2
GTCCGGCACTTCGAGCATGT	MMP2_sg4	MMP2
CTGCGCGCTGTCTTTCCAAT	MMP2_sg5	MMP2
GAAACGACCCAAGTGCCTGG	MMP2_sg6	MMP2
GGACACAAAAAAAAACTTAA	MMP9_sg1	MMP9
TCTCGGTAGGAACCTCGATA	MMP9_sg2	MMP9
TCAACAGAGTTGAACCCAAG	MMP9_sg3	MMP9
CAGGTTATATCGCTTACACC	MMP9_sg4	MMP9
CAAATGAAGGCTGCCACTAA	MMP9_sg5	MMP9
GCATCAATCGCGATAGCGTA	MMP9_sg6	MMP9
CGAAGGGAATTCATTATGTG	MMP14_sg1	MMP14
ACCACTAAGTTAGTCTTGCG	MMP14_sg2	MMP14
CCCCCCAAGGTCCCGTTCGA	MMP14_sg3	MMP14
CTACCCAATTTCGATAGAGA	MMP14_sg4	MMP14
GAAAGTAGGTGAGTGAGAAG	MMP14_sg5	MMP14
GTGCCTCGTCACAACACTAA	MMP14_sg6	MMP14
CTGATAGTTCTCGCAGATGT	TIMP1_sg1	TIMP1
TATGGCGCGACAAAAGTTTG	TIMP1_sg2	TIMP1
ACGACACCTCTGGACACGAA	TIMP1_sg3	TIMP1
TCATACCGCCTGATGTAAGT	TIMP1_sg4	TIMP1
TTAAACTGATCTCAAATGCG	TIMP1_sg5	TIMP1
CCCTCCGCTTCTCCTCATGC	TIMP1_sg6	TIMP1
GAAATTCAGCTAGATTCTAC	TIMP2_sg1	TIMP2
CAATATTCCAGAAAAATCTA	TIMP2_sg2	TIMP2
TCGTTTCGTGGAGGCGGATC	TIMP2_sg3	TIMP2
GGATGCCTCCGGAGAAACTG	TIMP2_sg4	TIMP2
CCAGTTGCATAAAGCTCCCG	TIMP2_sg5	TIMP2
CCCCCCCAGCCAAGGGGACA	TIMP2_sg6	TIMP2
CGAAACCAAAGCACCTCTTG	LOX_sg1	LOX
GTGAACACGCGGGTATCCCG	LOX_sg2	LOX
CTCGCGCAATTCTAACGCAC	LOX_sg3	LOX
CCGCCGTCTGTACACTGACC	LOX_sg4	LOX
TTAGCCGGCTGCAGAAGCGA	LOX_sg5	LOX
TTGTGGAAGCCGGATATACC	LOX_sg6	LOX
ATATTGATCGGAGCCCCATA	LOXL2_sg1	LOXL2
TTCGAGGTGAAATCTCCTTG	LOXL2_sg2	LOXL2
CTTCCCGGCGGGATGATCTT	LOXL2_sg3	LOXL2
GGCTCGTTCTTAAGTACCCT	LOXL2_sg4	LOXL2
AGGTCCGACGGAGCTAGGTC	LOXL2_sg5	LOXL2
TGTGGACCTAGGCTTACTTC	LOXL2_sg6	LOXL2
ACTGATCACATTTCTGTCCT	SERPINE1_sg1	SERPINE1
TACCACATAGGCAGTCTGTT	SERPINE1_sg2	SERPINE1
AGAATGTGTATGTATCCTTT	SERPINE1_sg3	SERPINE1
GATATCTAGTCGCACTCTTG	SERPINE1_sg4	SERPINE1
ACTCGACCTATTCCACCAGG	SERPINE1_sg5	SERPINE1
GTGCTCGTTTGGGGTGTCGC	SERPINE1_sg6	SERPINE1
CATGGCATCTACTGTAACTC	THBS1_sg1	THBS1
ATTAACGAGGGGAATCCCCG	THBS1_sg2	THBS1
GGACCAACCAGTACAAAGGT	THBS1_sg3	THBS1
ATGGCAAACCATATATATTT	THBS1_sg4	THBS1
ATAATTGACTAATGCTCTGC	THBS1_sg5	THBS1
CGGCCAAGCAGGATCGTTTC	THBS1_sg6	THBS1
TAGTCCGTTGCGTGAACTAA	FN1_sg1	FN1
TCAGCATAGCGAATAACCAC	FN1_sg2	FN1
CCTCAGCCTAGTTCCTCATA	FN1_sg3	FN1
AATTCTGTGTCAAACGGCCA	FN1_sg4	FN1
CCGGACGGCGGACATGTCCG	FN1_sg5	FN1
TTGACTTGTAAGTTAGTGCG	FN1_sg6	FN1
CTTGCGGGGAACACCTAGGA	POSTN_sg1	POSTN
CGGGTGAATGAAACAAGAAA	POSTN_sg2	POSTN
AGAATACATCCCACTTGCGG	POSTN_sg3	POSTN
CACAGGGGTCAACACCTGTC	POSTN_sg4	POSTN
AAAAACGAGGATATTGCGAC	POSTN_sg5	POSTN
CAATTTGAGCGGTGTTACCG	POSTN_sg6	POSTN
CTTAAACCAAACTCGGTTAT	TNC_sg1	TNC
ATGATGGTATCGCTGAGATG	TNC_sg2	TNC
ACTATACGAAACTGCTTGAA	TNC_sg3	TNC
GGTGGAGTGATCACAATCCT	TNC_sg4	TNC
CTCCGAATGTGTGTACCCCA	TNC_sg5	TNC
CAACCCTCTACCGGTGATGC	TNC_sg6	TNC
CGCGCCCGAAGATAGCCACA	CCN2_sg1	CCN2
AGATTTCAAACCCTAGGTAT	CCN2_sg2	CCN2
GAGGATCACCGCTCAGCGTC	CCN2_sg3	CCN2
GCACCTTAGAGCGGCCGGAT	CCN2_sg4	CCN2
AGGCGTACCCATAAACTCCA	CCN2_sg5	CCN2
AGGGTCTAGTGAGGGCACGC	CCN2_sg6	CCN2
CTTAGCATGACTGCCGGCTA	CCN1_sg1	CCN1
AACTGGCCGCGCATCCCTGA	CCN1_sg2	CCN1
GTTAAGTGGTGACGTTTAAA	CCN1_sg3	CCN1
GTGCGGTTCATGTACCGTCA	CCN1_sg4	CCN1
AGTTTTTAGATGATCGCTTC	CCN1_sg5	CCN1
GTGGGATCAGAGGCTCTTGT	CCN1_sg6	CCN1
ATTGTTCTAAATACGAGTAG	DKK1_sg1	DKK1
TATTATCGACGCTCACCTGA	DKK1_sg2	DKK1
ACCGGTCGATTGGCTGGTAC	DKK1_sg3	DKK1
CTAAGTGTGCTCACGCCAAC	DKK1_sg4	DKK1
GGCTCTTATGCTGCACCAAC	DKK1_sg5	DKK1
GCCTCCTAGTGTTCAGTACT	DKK1_sg6	DKK1
TCGGGGGCGCCCTTCCTTCC	SFRP1_sg1	SFRP1
GAGCCCTGTAGATCCATCGC	SFRP1_sg2	SFRP1
ATGCCGAGTTCTTGAGATCC	SFRP1_sg3	SFRP1
TGTACGTATCATTTGGCGCT	SFRP1_sg4	SFRP1
GTCGTGTTCTCAAAGCTTGC	SFRP1_sg5	SFRP1
TTCGCTTGTTTTTATTTATA	SFRP1_sg6	SFRP1
TACCATGATCAAAGTGCTAT	GREM1_sg1	GREM1
TGGCCGACACGGTGCGGGGA	GREM1_sg2	GREM1
TTACGCCAACAATCACCCGG	GREM1_sg3	GREM1
AAACTTCTGTAGTGTGCGCT	GREM1_sg4	GREM1
AGGTTCCCGAGATGTCATGA	GREM1_sg5	GREM1
GGAGGTAACTCTTGATCCCT	GREM1_sg6	GREM1
CCTCGGGACTACCCACGAAG	NOG_sg1	NOG
GCCGCTCGTCGCAAGTAGTT	NOG_sg2	NOG
AACCGCGCAGGTAGTCCCGA	NOG_sg3	NOG
CTAGTTTATAACCGTGGGGC	NOG_sg4	NOG
AATAGTAACTACATTGGGAC	NOG_sg5	NOG
CGCACCGGACGGTGCGGGTA	NOG_sg6	NOG
AAGATACGATGTCAATAGAA	INHBA_sg1	INHBA
GTGTTCAAGTATGTCTGTAC	INHBA_sg2	INHBA
AGTCCTCGATATAAGTTAGC	INHBA_sg3	INHBA
AGGGTTGGCGTCCGAGCGAA	INHBA_sg4	INHBA
TCAAATTCAAGCAGAATGTG	INHBA_sg5	INHBA
CGCAAATTCGCATAAACATC	INHBA_sg6	INHBA
AGCATTTGGACATATGCAAT	FST_sg1	FST
AGGGAAATGTCCTCAGTTAG	FST_sg2	FST
ACTTGAACATGTCAGTTGTA	FST_sg3	FST
TACCACTAAACGGGCCCGGA	FST_sg4	FST
GGGGCGCTGGCGCTTGCCCC	FST_sg5	FST
CGACGCGAGGTTTCCTGCAA	FST_sg6	FST
TCACGCGTCAGCGGTAGTAA	WISP1_sg1	WISP1
CGGTACTTAAACCTTACACA	WISP1_sg2	WISP1
ATTTTAATAGTAAAGCACAA	WISP1_sg3	WISP1
GCTTCGGTACAGATTTTAAT	WISP1_sg4	WISP1
GACCCACGGGGCTCCCCGTG	WISP1_sg5	WISP1
CTGTGGGGATGACACTCCCC	WISP1_sg6	WISP1
GTTACGTCAAGTGCGGACCC	AREG_sg1	AREG
CCCCGCATCCCAGCCGACAT	AREG_sg2	AREG
CGCGCTGGGCCGACGTGCTA	AREG_sg3	AREG
AGGCGCTCACTAAGGGAAAC	AREG_sg4	AREG
ACATATAATAGGGTTATGAG	AREG_sg5	AREG
CTGAACGGAGATTAGTAGTC	AREG_sg6	AREG
ATTATAACGCGAGCCTGAAT	EREG_sg1	EREG
GAGTAGCGTTCCCATGATTC	EREG_sg2	EREG
TGCATGGAAACACACGTACT	EREG_sg3	EREG
CTCCTTCGATTCAACCCCGC	EREG_sg4	EREG
CTTTGGCGTACGTAAGATCA	EREG_sg5	EREG
GCAGCAGGGCCCTGGACTAG	EREG_sg6	EREG
TCGCTAAATATCGCACTACT	HBEGF_sg1	HBEGF
GTACGTCAGGTAACAGTGAA	HBEGF_sg2	HBEGF
AGGCGTTAGCCTGTATTCAT	HBEGF_sg3	HBEGF
GAAAAATGCTGCCCTGAGTT	HBEGF_sg4	HBEGF
AATGTAGTTGGGAAATCTGG	HBEGF_sg5	HBEGF
GATGAATTAGCGTCTCCGGG	HBEGF_sg6	HBEGF
CCGGTGTCCTCATGTCCTTT	TGFA_sg1	TGFA
ACCGCACGAGCAGTAACCCC	TGFA_sg2	TGFA
TTGCAGGATCAACGTGCAGC	TGFA_sg3	TGFA
CAAGGTACCTGGACCAATTA	TGFA_sg4	TGFA
TATGCATCGTTGGCCGCACA	TGFA_sg5	TGFA
GGGATGCCGACTGCTGACTT	TGFA_sg6	TGFA
ATGTCACAGAGCAGGGTCTA	NRG1_sg1	NRG1
CTACACCCTGTATGCTCCGC	NRG1_sg2	NRG1
GATCTGCAACGTTTGTGAGG	NRG1_sg3	NRG1
GTACCAGCTCGCCCGGCGGT	NRG1_sg4	NRG1
GCTCGGTAGTCTTGGTTCCG	NRG1_sg5	NRG1
TGCCAAGAGCAAATATAGTA	NRG1_sg6	NRG1
TCGGCATATGTCGATTTATG	SHH_sg1	SHH
TTGAGCGAGGTGTAGTGCGA	SHH_sg2	SHH
GCAAACTTTAGGTATGGAGT	SHH_sg3	SHH
GATCGAATATTACTTCTGCG	SHH_sg4	SHH
TTGCCGGCTGAGAAACTCTA	SHH_sg5	SHH
TCCGAAAATCGCCAACTTAT	SHH_sg6	SHH
ACATTGCGTAACTCGAGCGA	DLL4_sg1	DLL4
GGATCATCCGCCGCTACCTT	DLL4_sg2	DLL4
CGCTTCCTCAGATCTCGGGC	DLL4_sg3	DLL4
GATTGGCGTAAAAGGTTAGT	DLL4_sg4	DLL4
CGTGCACCATACGTACAATA	DLL4_sg5	DLL4
TACAGTACACGGTCTCGCTA	DLL4_sg6	DLL4
CGGCAGAACGCGTCCTGAAG	JAG1_sg1	JAG1
CTGGAGGCCAAGACTCCCCA	JAG1_sg2	JAG1
CAGCCGAGAAAGGACATGCT	JAG1_sg3	JAG1
TGTACACGGGCTACATGATA	JAG1_sg4	JAG1
TGAGTCACCTTCAGTATGTA	JAG1_sg5	JAG1
TGCACCACATAGAGGACGTT	JAG1_sg6	JAG1
CAACCGTTGATATTAGATAG	GDF15_sg1	GDF15
GGCCAATCAGCGTAGGCCAG	GDF15_sg2	GDF15
CCGAGCCTTGGAGAGACTGA	GDF15_sg3	GDF15
TGTCGGTATCTTGCATGAGC	GDF15_sg4	GDF15
CATTACTGTGTGATCTCCTT	GDF15_sg5	GDF15
CTTGATTCAATTACGTATAA	GDF15_sg6	GDF15
ATCTTGGGATCCCATGAAGT	EGFR_sg1	EGFR
CATAAAGCAACGCACATGAC	EGFR_sg2	EGFR
TCGTCAGACCAAAGTGACTC	EGFR_sg3	EGFR
TAGAAATGCCGATTCAAGGA	EGFR_sg4	EGFR
TATCGACAGCCCTGGTGACT	EGFR_sg5	EGFR
CAAGATACTCTGCCTGGCAT	EGFR_sg6	EGFR
TGGCTCCTCCTGCTTGCCAG	ERBB2_sg1	ERBB2
ACTCGGGTGTATTATCTGAC	ERBB2_sg2	ERBB2
TCGAGCCGTCCTCTCAACGC	ERBB2_sg3	ERBB2
CAGCTTTAAATGGTGGATAT	ERBB2_sg4	ERBB2
AATACGTAAGCAGTGTAAAT	ERBB2_sg5	ERBB2
GAGTAGCATCTTCCAGGCTC	ERBB2_sg6	ERBB2
TGTAGCGGAGCTGCGTCGGG	ERBB3_sg1	ERBB3
AACTGAGAAAAGCCTTCTCG	ERBB3_sg2	ERBB3
GTCAATGGCACATACATATT	ERBB3_sg3	ERBB3
AGGATAAAGCCGAACGTGAT	ERBB3_sg4	ERBB3
TTCCTCTCACTGCGGGGTCT	ERBB3_sg5	ERBB3
GAGTGGAAGTTGCGAGCCTT	ERBB3_sg6	ERBB3
CAGGTTAGCAGTCTGCTAAT	MET_sg1	MET
CCATCGTTTTCGTGGGATCC	MET_sg2	MET
TTCTTAAGTGAGACAGCAAG	MET_sg3	MET
GTCCTTGCATGTGATCGTAA	MET_sg4	MET
GAACGGTTGTATTAAGCCTT	MET_sg5	MET
AGGAGACTCGGGCCGTCATA	MET_sg6	MET
GGCGGAATTAAGATACTACG	FGFR1_sg1	FGFR1
ATCCTTAGCAACCTGAACCA	FGFR1_sg2	FGFR1
ATTTAGTACGTGAGCACGCC	FGFR1_sg3	FGFR1
GGCTATATACGGAGCATCCA	FGFR1_sg4	FGFR1
AAGCTGGCCTGTTGCGGATA	FGFR1_sg5	FGFR1
CTTTCCATCCAGCTGTTTCG	FGFR1_sg6	FGFR1
AGAACCACCCGGTATTGGTT	FGFR2_sg1	FGFR2
TGATCGTTCAGGAAACGCCC	FGFR2_sg2	FGFR2
AATGTACCCCCGTCGCTCAA	FGFR2_sg3	FGFR2
GCCCCGGGTCGAGGGAGATG	FGFR2_sg4	FGFR2
GCGATTGACGATACAGCGAT	FGFR2_sg5	FGFR2
TAGATTCTCGGGGAATGATG	FGFR2_sg6	FGFR2
TGTACATCGGGGGTCTTTAG	IGF1R_sg1	IGF1R
CCTGGACTTCAATGAGGCTT	IGF1R_sg2	IGF1R
TCCACTAGCAGGGTTGGCCA	IGF1R_sg3	IGF1R
GAAGGAGGAGACGGTAGCTG	IGF1R_sg4	IGF1R
GAGGAACTGACCACCCTACT	IGF1R_sg5	IGF1R
CCTATGTAGGTGGGCTGGAA	IGF1R_sg6	IGF1R
CTTAATGATTGTTTGTTGAT	PDGFRA_sg1	PDGFRA
AGGAAGCAGAGATAACTCAT	PDGFRA_sg2	PDGFRA
TACGACGTGGTAATATCCCC	PDGFRA_sg3	PDGFRA
AGAGTGATGTCTCGCACAGT	PDGFRA_sg4	PDGFRA
CCCTATGAAGCAGTCTCATC	PDGFRA_sg5	PDGFRA
TATATAGGCGTCCAGGGGGT	PDGFRA_sg6	PDGFRA
CTGTCCATTATGGTGTGATC	PDGFRB_sg1	PDGFRB
CTACACGGTGACACATTAGC	PDGFRB_sg2	PDGFRB
AACTACACAGCCCAGTGAAA	PDGFRB_sg3	PDGFRB
CGTAAATCTGGGCCAGTGAC	PDGFRB_sg4	PDGFRB
CGCTTCAAGCTGTACCCTAC	PDGFRB_sg5	PDGFRB
CCACTCTAGTATCCAAGGAC	PDGFRB_sg6	PDGFRB
AGGCAAGGCGGCGGTTGATC	KDR_sg1	KDR
AGAACTGACATTCAGCCGAG	KDR_sg2	KDR
CAATCCATAACCACTGCACA	KDR_sg3	KDR
ATGAAAGGCAGCTGCGGCTG	KDR_sg4	KDR
GCACAGCGGTGCGTACCGGG	KDR_sg5	KDR
TGAAACTTTGACCATGACAT	KDR_sg6	KDR
AACAGACGGTTGCATAAATC	FLT1_sg1	FLT1
TTGTGGAATCCTCTCCGTTG	FLT1_sg2	FLT1
GCCGGCCTACGTTCTCCAAG	FLT1_sg3	FLT1
GATCCATGTGCCCGACGGGA	FLT1_sg4	FLT1
GAAGGCCAAAGATCAGGAGC	FLT1_sg5	FLT1
CCTTTAGGTCCTGCGTACAG	FLT1_sg6	FLT1
ACCACTTTCTACGTACGCAT	NOTCH1_sg1	NOTCH1
GCGACACATCTGTGTCCTGT	NOTCH1_sg2	NOTCH1
GGAAGGTCCGGACCGGTACC	NOTCH1_sg3	NOTCH1
TTCGTGTTGCTGCCTATGTT	NOTCH1_sg4	NOTCH1
CTAAATGGAGCATGAGCCAC	NOTCH1_sg5	NOTCH1
GATTCGTATCAGGTACTTGT	NOTCH1_sg6	NOTCH1
AATCGTATTATGACAGGGGT	NOTCH2_sg1	NOTCH2
TCCCACACATGCAGGTCATA	NOTCH2_sg2	NOTCH2
GGCTTAGACCGACCTACCTG	NOTCH2_sg3	NOTCH2
TTTTATCCCTAGCCAATGAG	NOTCH2_sg4	NOTCH2
TAGAATTGGGAACCCAATGT	NOTCH2_sg5	NOTCH2
GACACGACGTGGTTCAGGTG	NOTCH2_sg6	NOTCH2
AAGAGCAGCGTGTAGGCTCA	FZD7_sg1	FZD7
GTGACAGTGGCGTAGTTGTC	FZD7_sg2	FZD7
TTTTTAGTATCGGTTCCTTA	FZD7_sg3	FZD7
ATTTTATTCATATTCTCCTG	FZD7_sg4	FZD7
TAACTGACTTGTTAATACGT	FZD7_sg5	FZD7
GCTTAGGAGGAGTTAAGATA	FZD7_sg6	FZD7
CACGGGTGGCGCGATGCGAG	LRP6_sg1	LRP6
AGCTGGTCGCGGCCTATTCG	LRP6_sg2	LRP6
CGCCGTGGGTCAACACCCCC	LRP6_sg3	LRP6
TAAACACGTAGGCGCAGGCG	LRP6_sg4	LRP6
TAGCATGTCGCTTGTACGCA	LRP6_sg5	LRP6
CTCGTTTCGTATTAGGCGCG	LRP6_sg6	LRP6
CCAGCCGAAGCCTATGGCCG	TGFBR1_sg1	TGFBR1
CGTCCCAGAACGCCTTACAC	TGFBR1_sg2	TGFBR1
GATTAGTTCGAGGTTTCTTC	TGFBR1_sg3	TGFBR1
GACGAATCTGATACCAGCGG	TGFBR1_sg4	TGFBR1
GTAAGTTGACATCATACGCT	TGFBR1_sg5	TGFBR1
ACCACGAGAGGCTGCAGATG	TGFBR1_sg6	TGFBR1
TCCATAAACATTTTGACCTA	TGFBR2_sg1	TGFBR2
GATTAGGAAGCTGATTCTTT	TGFBR2_sg2	TGFBR2
ACATTGCAGCGACTAATTAG	TGFBR2_sg3	TGFBR2
TTCGCATATATCGAGACCGG	TGFBR2_sg4	TGFBR2
AACCCAGAGGTCGGACGCTT	TGFBR2_sg5	TGFBR2
AAGGACTGCGCCAAATCGCC	TGFBR2_sg6	TGFBR2
CGTACAATAATTTTGCAAGG	BMPR1A_sg1	BMPR1A
CGACTCGGGATCCGTGGATA	BMPR1A_sg2	BMPR1A
GTCGAGGACGTCGATCCCGC	BMPR1A_sg3	BMPR1A
TTTGCTACAATCTAGAACTA	BMPR1A_sg4	BMPR1A
TCTCGCAATCTAACGCGATC	BMPR1A_sg5	BMPR1A
TTCCCTCGTTCAGCCTCGGC	BMPR1A_sg6	BMPR1A
AAGTGCGTATCTGGTTCGAT	ACVR1_sg1	ACVR1
GCTATGATTAGTCACCTCCT	ACVR1_sg2	ACVR1
AATGGGTAAGTCCGTCGATC	ACVR1_sg3	ACVR1
GCGGTGTTTAGACCCGACGA	ACVR1_sg4	ACVR1
TTCCAGTAATTACCACCATT	ACVR1_sg5	ACVR1
TTAGACAGCCTGACACGCGT	ACVR1_sg6	ACVR1
ATGCCTGTAACTTTGTATAC	ITGAV_sg1	ITGAV
CGCTCCAAGATATTATTCGT	ITGAV_sg2	ITGAV
TGTAGTAGGTCTGATTTACG	ITGAV_sg3	ITGAV
CTTTCACGGCTGCGAAAATC	ITGAV_sg4	ITGAV
TTGTACCTGTAATACTTGGG	ITGAV_sg5	ITGAV
CCGGCCTGGTTTTAAAGAGA	ITGAV_sg6	ITGAV
AATCACCTGGAAATACTCAG	ITGB1_sg1	ITGB1
CATCGCACCTGCCAGGATTG	ITGB1_sg2	ITGB1
TCCTGTAAGACCGTGACAGA	ITGB1_sg3	ITGB1
AGTAAGAGGGCAGTGCTGTA	ITGB1_sg4	ITGB1
GATGGGTGGTGCGCGGTTAG	ITGB1_sg5	ITGB1
GGAAACCTGATATGTTATTG	ITGB1_sg6	ITGB1
GGAGCAAGATCTTCCCAGTA	ITGA5_sg1	ITGA5
CGGTGACAATAGCCTAGGAT	ITGA5_sg2	ITGA5
TTTAAGGTCAATGTTTATTT	ITGA5_sg3	ITGA5
GTGGCCGACCAAACCATTTG	ITGA5_sg4	ITGA5
GACCCCCCTCAATGGCAAAT	ITGA5_sg5	ITGA5
CAGTGTATGACCTCATTCTC	ITGA5_sg6	ITGA5
TGTCAACCGCACTGATGACT	CD44_sg1	CD44
CAGCCCTACTGCCGCGAAAA	CD44_sg2	CD44
CGGGCACCTTTCATGGACCC	CD44_sg3	CD44
AATCCCATACCGTATGGCTT	CD44_sg4	CD44
ACAACCCCGCGATATGTTAA	CD44_sg5	CD44
TAGTAGTCAGGGCTTAACCA	CD44_sg6	CD44
TCATGAAAACTGCATTACCA	CXCR4_sg1	CXCR4
ACTTGAGTACGCTAGATATC	CXCR4_sg2	CXCR4
CGAGGAGACGACGTTGTTCG	CXCR4_sg3	CXCR4
CCACACGCGATGCATTTATA	CXCR4_sg4	CXCR4
CACTAATAACTTGCCTTGGT	CXCR4_sg5	CXCR4
AGTGCATTACCAAAGCGTCA	CXCR4_sg6	CXCR4
AACACGTGTCCTTGGAGTCT	IL6R_sg1	IL6R
GAATCGCTAGCATTTTAACG	IL6R_sg2	IL6R
GGAGGCATCTTGGGGGGCGG	IL6R_sg3	IL6R
TCGAGAATCAGTGTGGTTAC	IL6R_sg4	IL6R
AGTTCCTCGGGCGGCCCAGT	IL6R_sg5	IL6R
CGTAGCCTAATTTAGGGCAA	IL6R_sg6	IL6R
GCGCGTCCAATTGTCTCCGC	TNFRSF1A_sg1	TNFRSF1A
TTCACGAGGTTGCCGTTAGC	TNFRSF1A_sg2	TNFRSF1A
GCCCATACTCCCTTCAAATG	TNFRSF1A_sg3	TNFRSF1A
ACAGTAGCCGTGGAACACCC	TNFRSF1A_sg4	TNFRSF1A
TGGCCGATAATACGGGCTCG	TNFRSF1A_sg5	TNFRSF1A
TGAGGATGGTTTATGGCTAT	TNFRSF1A_sg6	TNFRSF1A
CACACCGGGACTAAGTGTTA	EPHA2_sg1	EPHA2
GTATCAGCGATGCCAATTCA	EPHA2_sg2	EPHA2
CCTTCTGACACATACTAACT	EPHA2_sg3	EPHA2
GGAGACACGAATCGTGCTAA	EPHA2_sg4	EPHA2
CCTGCAGTCATTTGCCGTCG	EPHA2_sg5	EPHA2
TCTGACGAGACCATTCTGGT	EPHA2_sg6	EPHA2
GCCGGCTCGACACTCCTCCT	EPHB2_sg1	EPHB2
CAGTCCACTTCATCTCGCAT	EPHB2_sg2	EPHB2
CAACTTAGCTATTCGTCTCT	EPHB2_sg3	EPHB2
CGAGCCTGGCTTCAGTTCAA	EPHB2_sg4	EPHB2
ATAGACAACATGAGTTACGA	EPHB2_sg5	EPHB2
GGAATGGCTCGCAGGCGCGC	EPHB2_sg6	EPHB2
TGCCGCCATCCAACTGAGGC	NTC_0001	Non-Targeting
ACGCCAAAACCGCACGGGAG	NTC_0002	Non-Targeting
ATTCTGGAGAGCGAAGATTA	NTC_0003	Non-Targeting
CCGTTGTGAAGATGTGGAAT	NTC_0004	Non-Targeting
TGAAGGGGCCTCTTGGTAAT	NTC_0005	Non-Targeting
AATAGAAGGGGAAACGGTGG	NTC_0006	Non-Targeting
CCCACTCTGGAATGCCGAGA	NTC_0007	Non-Targeting
TAGTTGGGGTGAAGTTTTGC	NTC_0008	Non-Targeting
GATGGTGCCCATCGTGTTAA	NTC_0009	Non-Targeting
GGACCTTATGGTCAGAGCAC	NTC_0010	Non-Targeting
CAGGCAAGGCCCCATAGGAG	NTC_0011	Non-Targeting
CCTAGGCAAGCGACCCGCTG	NTC_0012	Non-Targeting
GCGCGAGGGCATGCAGTGTC	NTC_0013	Non-Targeting
CCTGGTACCGAAGTAGGGGC	NTC_0014	Non-Targeting
ATGTGATCCAAAAGGTCTTA	NTC_0015	Non-Targeting
TCTGTGCCTGGGAAGACGTG	NTC_0016	Non-Targeting
GGGTAATAGCCGCCGTCGTT	NTC_0017	Non-Targeting
TGTCTCAAGTACGTTTGAAA	NTC_0018	Non-Targeting
AAGGGCCCGGACACCTACAG	NTC_0019	Non-Targeting
GACCTTACTCCTATTCTCCT	NTC_0020	Non-Targeting
GATACGCGCCGTTGCAGTGT	NTC_0021	Non-Targeting
AGAGGTCGAAAGCGTCAATA	NTC_0022	Non-Targeting
AAGTCTAATCTGGCCTTCTT	NTC_0023	Non-Targeting
CTCGCATAAGCAGACTCGAG	NTC_0024	Non-Targeting
TGCGCGTGGTCTGCCGCTTG	NTC_0025	Non-Targeting
TTTATGTTCTGCGCGTTAGG	NTC_0026	Non-Targeting
TAGTCTGCGCAATTAGTCCT	NTC_0027	Non-Targeting
ATTCGAGGGGCGCGTACAAG	NTC_0028	Non-Targeting
CTTGATCCATGGTTCTGGAT	NTC_0029	Non-Targeting
CAAACCTGAGAGTCACTCGA	NTC_0030	Non-Targeting
GACTTACCTGGATCGAGGCG	NTC_0031	Non-Targeting
CAATACCGGAAACTCCGGGA	NTC_0032	Non-Targeting
TGTAGGCCGCATCACCACCC	NTC_0033	Non-Targeting
ATTGACCAAGAATTGAAGTT	NTC_0034	Non-Targeting
TGGAGCCAGAGGCCGAGTTG	NTC_0035	Non-Targeting
TCGAAGAGTAACCCGATAGC	NTC_0036	Non-Targeting
GATTTACCAACTAGTGGTGT	NTC_0037	Non-Targeting
AGCATCGGAACCACCGCCCG	NTC_0038	Non-Targeting
AGCCCATCTCTGTCTGTGAG	NTC_0039	Non-Targeting
TAACAAGCTCTACAAGTCGA	NTC_0040	Non-Targeting
CACTGGACAGATTCATCTCC	NTC_0041	Non-Targeting
CGTTGAGTTAGTTATTGGAG	NTC_0042	Non-Targeting
GATGTGACTACACTGTGAAG	NTC_0043	Non-Targeting
CCACTTTTTGTAATAGGGTG	NTC_0044	Non-Targeting
TATTGAGGGGGTGTCATCCC	NTC_0045	Non-Targeting
TTTCCACACGTTGTCTGGCT	NTC_0046	Non-Targeting
CGGTTTGGATACTGAATACA	NTC_0047	Non-Targeting
GGAAGTACAGTGTCTCTTGG	NTC_0048	Non-Targeting
TTGGCACGTGGCACTAAGTT	NTC_0049	Non-Targeting
GGTCACGCCCTCCGTATATA	NTC_0050	Non-Targeting
CGACTAACAGAATATTCTGG	NTC_0051	Non-Targeting
AGGAGTTACAGAGCGAAGCC	NTC_0052	Non-Targeting
AGAAGTCAGTTCTACGCACC	NTC_0053	Non-Targeting
TCCCGGCAATACCTCAATTA	NTC_0054	Non-Targeting
GGTACTCCAAGCCAGATGAG	NTC_0055	Non-Targeting
GTTGAGCGAATAATTACTGA	NTC_0056	Non-Targeting
GGATTGGACGAGATACACCG	NTC_0057	Non-Targeting
AAAAGGTTAACCTTCGGGCC	NTC_0058	Non-Targeting
TTTTTTGAGTTCGTCTAGGC	NTC_0059	Non-Targeting
GCCATGCTGACAACCGATCG	NTC_0060	Non-Targeting
CACTGTGAGCCCGTTACTAT	NTC_0061	Non-Targeting
GATTCCCTTCGAACGAGGCA	NTC_0062	Non-Targeting
GTTTTCACGCCTGGCGCTAG	NTC_0063	Non-Targeting
CGAGATCGGTACGTTTTTGT	NTC_0064	Non-Targeting
GGCTCTTGTCGTGCAAACTG	NTC_0065	Non-Targeting
TCTAGTTCCCGGATGGGTGC	NTC_0066	Non-Targeting
ATTGGGGGCTTGTCCTCCAC	NTC_0067	Non-Targeting
GAACCTTACAGAACCTCTCT	NTC_0068	Non-Targeting
CGGGACCTCCTCGTTGCGTA	NTC_0069	Non-Targeting
CTAATCTAGATGGCAGGAAA	NTC_0070	Non-Targeting
CATTTGCTCCGACACTCGCG	NTC_0071	Non-Targeting
TGAAGGTCCGAGCGAGATTT	NTC_0072	Non-Targeting
AAATGTGGCCACCAGATGTG	NTC_0073	Non-Targeting
GACCAACTGACGAAATCCTG	NTC_0074	Non-Targeting
GTGTTGTTTAGCGGAGGCTT	NTC_0075	Non-Targeting
GCACCTTTAACCACTCACCA	NTC_0076	Non-Targeting
AATTACTTGACTACGACACT	NTC_0077	Non-Targeting
GTGATGGGTAGGGGCCAGTA	NTC_0078	Non-Targeting
ATGTCCAGCGGATTACTCAT	NTC_0079	Non-Targeting
CTGACGTCAACAAACTGATT	NTC_0080	Non-Targeting
TTATTACCAGTGTTCCGGCC	NTC_0081	Non-Targeting
CCGCCGCCTGTGCGAGTCCA	NTC_0082	Non-Targeting
TTCGATTAGTCCTTGGTTGA	NTC_0083	Non-Targeting
TCGATACTGCACCTATAACA	NTC_0084	Non-Targeting
AGCACACGCCACGCCAGCAA	NTC_0085	Non-Targeting
ATAGAGTACTCGGACGGGAT	NTC_0086	Non-Targeting
TGACGCTTTTCTCTGTCACC	NTC_0087	Non-Targeting
CGAGCCAATATTCGCGCTGA	NTC_0088	Non-Targeting
CATAACCGGCGAGCATAGTG	NTC_0089	Non-Targeting
GATAAATAGGGGCATGAGAT	NTC_0090	Non-Targeting
CCGGATCATACATTAAGGGA	NTC_0091	Non-Targeting
GGTGTCCAGTGCACTAGAGG	NTC_0092	Non-Targeting
ACGCACGACCAACGGCCAGA	NTC_0093	Non-Targeting
ACGAAGTATGTGCGGGCTGT	NTC_0094	Non-Targeting
GAACTATTCGCTCTTTGCCG	NTC_0095	Non-Targeting
CATGGCTCGCACAAGATGTA	NTC_0096	Non-Targeting
CGTTAGCCAGTTGCAAGACC	NTC_0097	Non-Targeting
GCTGTCTGCCGGGATGAGTG	NTC_0098	Non-Targeting
CCCTAGAGCGCGGTAGGCTA	NTC_0099	Non-Targeting
ACCATACCGGTGTTCTCGGT	NTC_0100	Non-Targeting
AAGCATGCACATCAGAGATC	NTC_0101	Non-Targeting
TATCCAGGGGTCTGTTGGGC	NTC_0102	Non-Targeting
TCAGGGGTATGCTGTTCCCG	NTC_0103	Non-Targeting
TCCTATCATTGTACCGGCTT	NTC_0104	Non-Targeting
GGTCAGATTGGCGAATCAAG	NTC_0105	Non-Targeting
CCATAGGTGCCCGGATTCAA	NTC_0106	Non-Targeting
CCGATCTCTTAACTTAACAT	NTC_0107	Non-Targeting
CTGCTGATGGGACTCTCTGC	NTC_0108	Non-Targeting
GCCAATGGACCCCTTTCTTA	NTC_0109	Non-Targeting
ACCTGAATGTATAGAAGGTC	NTC_0110	Non-Targeting
AGCTATCTTCCTATTAAGAC	NTC_0111	Non-Targeting
GGCCTTCGAAGCAGCTCTCG	NTC_0112	Non-Targeting
GTCGCAGTAAAACTGCTGTG	NTC_0113	Non-Targeting
GGTTAATCTATCCCACGACT	NTC_0114	Non-Targeting
GTTATCGTCCCATGGTTCTC	NTC_0115	Non-Targeting
TGGGCGCGACCCGGTTAAAG	NTC_0116	Non-Targeting
GGCATCCGACTTTTGTGCCC	NTC_0117	Non-Targeting
ATGGGGGCGACCCCGAACTA	NTC_0118	Non-Targeting
TGGATCACCGACAACCGGTC	NTC_0119	Non-Targeting
ATCACTCTCATTGCCATTTA	NTC_0120	Non-Targeting
TCGCTCCGAACTTCAGTGGT	NTC_0121	Non-Targeting
TCTAACATGTTCCTGTGAGG	NTC_0122	Non-Targeting
TGTCATGTTATCGCCAAACC	NTC_0123	Non-Targeting
GCTCGAATCGCGGACACGCA	NTC_0124	Non-Targeting
CGATCTAAGGGCATCCAATC	NTC_0125	Non-Targeting
AAAGGTCAGCAAACGGACTG	NTC_0126	Non-Targeting
TGTTCCTGTACCTGTACTGA	NTC_0127	Non-Targeting
TTTCATGTACTCCCCATTTG	NTC_0128	Non-Targeting
TGATAACCGGCAGCTGCGTT	NTC_0129	Non-Targeting
CCCGAGCTTGGACGGTCTCA	NTC_0130	Non-Targeting
AACCGAAGTGACATGGACGA	NTC_0131	Non-Targeting
CCCGAAAGAATAAATCGCGT	NTC_0132	Non-Targeting
GATATTCAATGGGCTCACTC	NTC_0133	Non-Targeting
GCAGTTTCCTTGCCACGCTG	NTC_0134	Non-Targeting
CCTCCCAAAGTTTCCACGAC	NTC_0135	Non-Targeting
ACGAAACGCGAGCGCAACGG	NTC_0136	Non-Targeting
ACGATGATTAAACACCTACA	NTC_0137	Non-Targeting
CATCACAATTAAATCAGTGA	NTC_0138	Non-Targeting
GTATAAGTTATCAGAGCGAA	NTC_0139	Non-Targeting
AGGCCTGACCGCTAGTGAGA	NTC_0140	Non-Targeting
CGTGTCTTTATGCACGATAG	NTC_0141	Non-Targeting
ATGTTTACCGGGTATTCTGA	NTC_0142	Non-Targeting
GACCCAAGCTCGAATCTGGG	NTC_0143	Non-Targeting
GTCACGGAACCTCGGGCACC	NTC_0144	Non-Targeting
CGAGTTCCGAGTTAATACGG	NTC_0145	Non-Targeting
GGTGCTGAATTGAACGGGCG	NTC_0146	Non-Targeting
GCTTTTAGATGTTCAAATGA	NTC_0147	Non-Targeting
CGTCTGCGACCATTATCTCG	NTC_0148	Non-Targeting
ATGGTTTTCTCGTAATTTAC	NTC_0149	Non-Targeting
ATATATAGGGGATCCTCTCT	NTC_0150	Non-Targeting
TAGCAACCCCATAGATGATA	NTC_0151	Non-Targeting
TATTATTAGAGTCGTGCAGT	NTC_0152	Non-Targeting
ACTTCCGACTATATGTTGCC	NTC_0153	Non-Targeting
GCGTGTCTGGCGTTCTTCTC	NTC_0154	Non-Targeting
CGTCCATTGCTGACGATTCC	NTC_0155	Non-Targeting
GACAACCGATATTAGCGTAA	NTC_0156	Non-Targeting
CAGAATACGATTTCGGCACC	NTC_0157	Non-Targeting
CCCTTGATAGAAGGGGTAAG	NTC_0158	Non-Targeting
GCGAGTCCCGATCTCCTTTC	NTC_0159	Non-Targeting
ATCACTCGCGAGCGCTCGGC	NTC_0160	Non-Targeting
GGTCGTGTATTACGAGAGGC	NTC_0161	Non-Targeting
TCCACCGGGGGGACGCACTT	NTC_0162	Non-Targeting
ACGGCCTAAGCTGCTTCTTT	NTC_0163	Non-Targeting
GGAGCACCTACTGGGTCGGG	NTC_0164	Non-Targeting
ATTGTGATACTCCGGTTAGG	NTC_0165	Non-Targeting
CCATCCGGTATCACTGATCT	NTC_0166	Non-Targeting
GACAGGACTTCCACTCCACG	NTC_0167	Non-Targeting
CCTCCATATGTTGGGGCTTC	NTC_0168	Non-Targeting
TAAGTTAAAGACGTAAACAT	NTC_0169	Non-Targeting
CGGGGTCTATTAAATCAACC	NTC_0170	Non-Targeting
CCAAATTCTGGTGTAACTTT	NTC_0171	Non-Targeting
TAATAAGGCTTATTCGAGCA	NTC_0172	Non-Targeting
TACTGAGAAGGAGCCGCACG	NTC_0173	Non-Targeting
AGGGATTCCCTATTCTTATC	NTC_0174	Non-Targeting
TGAACTAGAGAAAGTTTACT	NTC_0175	Non-Targeting
TGGATTCCTGCGCGTTGGAT	NTC_0176	Non-Targeting
TCTTACATACCTGCGTCGAG	NTC_0177	Non-Targeting
CGAGAGGCACAATGCTTTAG	NTC_0178	Non-Targeting
TCAAACCGCTATATAGGCGA	NTC_0179	Non-Targeting
GCGAGGCCTCTCGATAGAGC	NTC_0180	Non-Targeting
GTCGCGGCGTGAGATCACGC	NTC_0181	Non-Targeting
CATTCTCTCCAAATTTGTTA	NTC_0182	Non-Targeting
ACAAACCGGAGGATACGGAC	NTC_0183	Non-Targeting
AGGCACGTTGCGCTTTGTGA	NTC_0184	Non-Targeting
GACCGGCTTTTCGCGTAATG	NTC_0185	Non-Targeting
ACTCCAGCCGAGTTAATTAC	NTC_0186	Non-Targeting
AGGGTTTACACATGACGTCG	NTC_0187	Non-Targeting
ACCACTATTTCTTCAGGGCT	NTC_0188	Non-Targeting
GTGGTCAGGGTGTGGACACG	NTC_0189	Non-Targeting
TAGTATCGAATGCAGGGCAA	NTC_0190	Non-Targeting
ACGACCGGTCCTACCGAGTA	NTC_0191	Non-Targeting
GGCAGGACAGGTATCCTCAG	NTC_0192	Non-Targeting
TACCGACTGGGAGTGAAATT	NTC_0193	Non-Targeting
CCCTGAGATTAGTGCACTAA	NTC_0194	Non-Targeting
GCACCTTAAACCATCTAATT	NTC_0195	Non-Targeting
AACATAGTTATGTGAGAACT	NTC_0196	Non-Targeting
AAGCGATGCGCCAGACAAAT	NTC_0197	Non-Targeting
GGAAAGAGTCCGCTCCGGTG	NTC_0198	Non-Targeting
CTCGTCACGTTCGGAATGGC	NTC_0199	Non-Targeting
CAGCGGGCTAACGTATTCCT	NTC_0200	Non-Targeting
GGACTACCAAGATTCTTACA	NTC_0201	Non-Targeting
GTCTATACCCCGTTCAGGCG	NTC_0202	Non-Targeting
CGGAACTGAGCACAATAGTC	NTC_0203	Non-Targeting
GACATCGCTTACTAACCCCA	NTC_0204	Non-Targeting
TTTGAATAGAGGTGGGGGGA	NTC_0205	Non-Targeting
GATTCAGGGCGAGACGGAGA	NTC_0206	Non-Targeting
AATTTGGGGAGATACGAACC	NTC_0207	Non-Targeting
TGGCTTCAGGTTGCATCACT	NTC_0208	Non-Targeting
ATGCAGTAGTTAGGCAAGTA	NTC_0209	Non-Targeting
CGCCTTCCTCAACCTATCTG	NTC_0210	Non-Targeting
CCAGGTAGAGAGTATAAGGT	NTC_0211	Non-Targeting
ACGGTCCAATACTAATGGGT	NTC_0212	Non-Targeting
AGATTGGGTATTATTAAAAA	NTC_0213	Non-Targeting
GCGCTGATGTCATTTTTAGA	NTC_0214	Non-Targeting
AAGACTGTGAGGCGCCGTCT	NTC_0215	Non-Targeting
CTGGACCGAGAATCAACCGG	NTC_0216	Non-Targeting
CCGTAGTAATAGAGTCGACA	NTC_0217	Non-Targeting
ATGGTCCAGTTTGTAAGTAG	NTC_0218	Non-Targeting
TGCGTCGTTTCGTCTTTGTT	NTC_0219	Non-Targeting
TTATACTAATTGACGAGTGC	NTC_0220	Non-Targeting
TAACGTGTGGGATTGATCCT	NTC_0221	Non-Targeting
GATTTCGAGGTAGTACCGTC	NTC_0222	Non-Targeting
GGTAATGGGCCCGTGGTCAA	NTC_0223	Non-Targeting
GCAACTAGGCTCAGTCCTGT	NTC_0224	Non-Targeting
ACCATAGCAATCCGTTTATG	NTC_0225	Non-Targeting
TGTCTCGAGGAACACAGACT	NTC_0226	Non-Targeting
GAGACTGCCTATAAGTTATT	NTC_0227	Non-Targeting
GAGGAAGTCCTCGTTTAAAA	NTC_0228	Non-Targeting
ACTACTGAGGTTATTGGTCC	NTC_0229	Non-Targeting
GCGGCATAGACGATCTACTT	NTC_0230	Non-Targeting
TAATCCAATTCACATCCAGC	NTC_0231	Non-Targeting
TGGCGTGGGTGTGTCATGCA	NTC_0232	Non-Targeting
AGAGTACCTTTGCAGCTATT	NTC_0233	Non-Targeting
GCTCTCCCTGGAAGTTTGGA	NTC_0234	Non-Targeting
ACCCACGAGTTAGGGGGCGC	NTC_0235	Non-Targeting
GCGACAGCATATGTAATGGG	NTC_0236	Non-Targeting
CAAAAGTTCCCTTCAACCCC	NTC_0237	Non-Targeting
GATCAAAAACACTGAACAGC	NTC_0238	Non-Targeting
GGACTCGAAAAGCATACCAA	NTC_0239	Non-Targeting
ACCGTAAGGTTGCTGCCGGC	NTC_0240	Non-Targeting
TAATAACAAAGTCTACCGCA	NTC_0241	Non-Targeting
CCGATTTGACCAATATCTTT	NTC_0242	Non-Targeting
TGCGCTTTAGTAAATGAAAC	NTC_0243	Non-Targeting
GGCGAATAATCTCGTGAAGC	NTC_0244	Non-Targeting
TACAAGTTACTTGTCTATAG	NTC_0245	Non-Targeting
GCCTCTACAAAGCCCAATTG	NTC_0246	Non-Targeting
CTCCCACATTGAAGGCCAGG	NTC_0247	Non-Targeting
CTTCGTCCGCCTGGCCGGAC	NTC_0248	Non-Targeting
TTGAATAAGTTCGTCTGATT	NTC_0249	Non-Targeting
AGAACAACGAAGCTCCCTGA	NTC_0250	Non-Targeting
TCCCTATACACGCGTATACT	NTC_0251	Non-Targeting
GACTGGGTTTGATTGTTTGA	NTC_0252	Non-Targeting
AAACGTTGGCGACCCCCTGA	NTC_0253	Non-Targeting
TTGTCCAACTCCTTACAAAC	NTC_0254	Non-Targeting
TTACGTCCGGAATATGGAAA	NTC_0255	Non-Targeting
CTTGTACAAGTAGCGGTTAC	NTC_0256	Non-Targeting
AAGTTAAGACTGATCATGAC	NTC_0257	Non-Targeting
TGGGACATCGATTGTTCCTA	NTC_0258	Non-Targeting
TAGTGGCTGGTTCTTTAACC	NTC_0259	Non-Targeting
AATCGGTAATCTCGTCACTA	NTC_0260	Non-Targeting
TAGGCCCCTCTAGAGTCCGT	NTC_0261	Non-Targeting
TGTGGGTGGGTGCAATGCCC	NTC_0262	Non-Targeting
TATTCGGAACTTATCAGCCA	NTC_0263	Non-Targeting
TTCATCTACGATCGAGTGCT	NTC_0264	Non-Targeting
TTGCGCAGACCCTCGGCGAT	NTC_0265	Non-Targeting
GTAATCCCGTACGCACTCGT	NTC_0266	Non-Targeting
ATCAGTGATGTCGCCACGTT	NTC_0267	Non-Targeting
CCCCACGGCTTTGCGAGATG	NTC_0268	Non-Targeting
CTAACAACACGGGGTCGCAT	NTC_0269	Non-Targeting
CTTTGACTATATGTCCAAGC	NTC_0270	Non-Targeting
TAAGAGCTGCAAGACCAATT	NTC_0271	Non-Targeting
ACAGCTAGATAACTGCAATC	NTC_0272	Non-Targeting
TATGTTCTCCTCTGTAGTCG	NTC_0273	Non-Targeting
TAGTGGGTGTTTTTCCACCC	NTC_0274	Non-Targeting
AGCAAGTGCGGGACTCGCTA	NTC_0275	Non-Targeting
TATGCAATGAGACACTAATA	NTC_0276	Non-Targeting
AGCCCACGAACTGTTAATTC	NTC_0277	Non-Targeting
ACGGCAGAGTCTCCTACGCC	NTC_0278	Non-Targeting
GGAGCGCCCCTGGCTAATAG	NTC_0279	Non-Targeting
CCACTGCAGTCAACCTGTTA	NTC_0280	Non-Targeting
CGGCCTGTGCCCAGGGGATG	NTC_0281	Non-Targeting
AATTGATTACTGTATATCAA	NTC_0282	Non-Targeting
GCGAACTACGCGTGTATCTA	NTC_0283	Non-Targeting
TAAATCAACGCACCACATGA	NTC_0284	Non-Targeting
CCAATCAGCTTCGCGGCCTT	NTC_0285	Non-Targeting
TGCACATTACTCATTTGACT	NTC_0286	Non-Targeting
TTAGGTAGTATCCCTGGTAA	NTC_0287	Non-Targeting
CATTGATAGCAGACATTCGT	NTC_0288	Non-Targeting
CAGCAGCGTGTTTTGATAGT	NTC_0289	Non-Targeting
CGGTTGCGTAATTCGAACCT	NTC_0290	Non-Targeting
CACGCAGTACATTGGTTCTT	NTC_0291	Non-Targeting
GGGCGCACTAGGCTCGTCGT	NTC_0292	Non-Targeting
GCTGGCCTGCTTAAGTCTTT	NTC_0293	Non-Targeting
ACTTAGGCCGAATTACTTCC	NTC_0294	Non-Targeting
CTGTCGCTGAAGACCCTTCG	NTC_0295	Non-Targeting
ACACCAATGGAATTTATGCT	NTC_0296	Non-Targeting
GGTAAGGTTCTCGCAAAGCG	NTC_0297	Non-Targeting
AGGCCGCGTTGGATCACTCC	NTC_0298	Non-Targeting
GTCTAACAGTGTTTGTTACA	NTC_0299	Non-Targeting
GGAACAATAGTCGGTAATGT	NTC_0300	Non-Targeting
AGAAACGTAGCGTCGCTGAG	NTC_0301	Non-Targeting
TATGACTCTCAAATTATGCC	NTC_0302	Non-Targeting
AAACGCCATCCAGCTAACAA	NTC_0303	Non-Targeting
GTAATGAATGTTATAGTGAT	NTC_0304	Non-Targeting
GGGAACCAGGGTGGGCTGAG	NTC_0305	Non-Targeting
GGAGGTCATGACAGCAATAG	NTC_0306	Non-Targeting
GTTAGACCGAAAATTCCGGA	NTC_0307	Non-Targeting
TGAAGTACGGAGGCAGATAG	NTC_0308	Non-Targeting
GAGCCCCTGTGATTTCTGAA	NTC_0309	Non-Targeting
CAAGCACCAGATTTGAAGCG	NTC_0310	Non-Targeting
CTCTATCTCTCAAATTTGCA	NTC_0311	Non-Targeting
CGGATACAGGCCTAGTGTAC	NTC_0312	Non-Targeting
CTGGGACCTCCTTCCAATAA	NTC_0313	Non-Targeting
AAGAGCCTCGGTCCTCTTTA	NTC_0314	Non-Targeting
GACGGACCGTCTTATAAGTC	NTC_0315	Non-Targeting
CGATAAATTTGTATTGGCGG	NTC_0316	Non-Targeting
TGGGTTGCTTCGGAGTATGA	NTC_0317	Non-Targeting
GGGGCAAGTGGAACCGGTAC	NTC_0318	Non-Targeting
CCCGTTGTTAGCTTCTAATG	NTC_0319	Non-Targeting
ACTCAACCAGAGCGCTGTGG	NTC_0320	Non-Targeting
CAGTGCCTGAGACCGGCGTC	NTC_0321	Non-Targeting
CGGTAATCGGAAATTTTATC	NTC_0322	Non-Targeting
TTGCATACGGATCACGGATA	NTC_0323	Non-Targeting
TTATCAGGGGCACACCTCTT	NTC_0324	Non-Targeting
GTTCGTGCGGAGTAACTCAT	NTC_0325	Non-Targeting
ACTTCACCGTCCCGGCTTTC	NTC_0326	Non-Targeting
AATTCCGCGTATAAACACTA	NTC_0327	Non-Targeting
TTCTACTATATCCGCAAAGA	NTC_0328	Non-Targeting
AGGGAAGGTTACCCTGGGCT	NTC_0329	Non-Targeting
AAAGTATGCGCGCAGACTGA	NTC_0330	Non-Targeting
GGTACAGGAGGATCGTTTCT	NTC_0331	Non-Targeting
ATTACGCAAATAGAAATATT	NTC_0332	Non-Targeting
CTATAGGAAATGATCTTAGT	NTC_0333	Non-Targeting
CAGTACTCATGAATCTCCCA	NTC_0334	Non-Targeting
AGTACCTTCGCCTCGGATTC	NTC_0335	Non-Targeting
CGCAGAATACAGCGTAGCGT	NTC_0336	Non-Targeting
CCCATCACAAAGATTCAGAT	NTC_0337	Non-Targeting
GTATACCCAATACTAGGATG	NTC_0338	Non-Targeting
GATATTGGCCACCCCTATTG	NTC_0339	Non-Targeting
ACCGACAAGTCGCTTTATTG	NTC_0340	Non-Targeting
GAGTCCATTGAGAAATCGAA	NTC_0341	Non-Targeting
GTTGGTCTCGGGCGTGAAAG	NTC_0342	Non-Targeting
CTTTAATGCGTAAGCGGACC	NTC_0343	Non-Targeting
TCCATTGAACTACCGAGCGT	NTC_0344	Non-Targeting
CCGACCTTCTTGCCTGTCCG	NTC_0345	Non-Targeting
CTGATTCTCTCTTCCTGTCC	NTC_0346	Non-Targeting
CGCGGCACTCTACACGTCTT	NTC_0347	Non-Targeting
GAAGGGTCGCATGAGTCTCC	NTC_0348	Non-Targeting
TGTAGTACGTAAACATTTAA	NTC_0349	Non-Targeting
CCCTAGCTTGCTGCTACCAA	NTC_0350	Non-Targeting
CAAGTAAAACCTCGATGGTG	NTC_0351	Non-Targeting
GTCAGAGTAGGCTTTATTAG	NTC_0352	Non-Targeting
GCATGGAGTAGACCGGTCGT	NTC_0353	Non-Targeting
CCACACACGGTACCCGAGAG	NTC_0354	Non-Targeting
AGCCGCCAGATAGTCAGTAA	NTC_0355	Non-Targeting
TGCTTTTACGGTATGAAGCG	NTC_0356	Non-Targeting
CTCCCAGCCGGCACAGTAAG	NTC_0357	Non-Targeting
ATGGTAAGTTCATATACGAT	NTC_0358	Non-Targeting
CTTGGTGGACATTCGCAAGG	NTC_0359	Non-Targeting
TACTGGAATCATGAGTATTG	NTC_0360	Non-Targeting
TAACCCAACGCATCTATATG	NTC_0361	Non-Targeting
GACCCACATGGTAAGAGTTA	NTC_0362	Non-Targeting
TGGGTTAGACAACAGAGATG	NTC_0363	Non-Targeting
TGATCTTACTGCCCCACCCA	NTC_0364	Non-Targeting
GACGAAGTTTAACTGTGCAG	NTC_0365	Non-Targeting
AGCATTGGACGAGACCCCAT	NTC_0366	Non-Targeting
AACAAGATCGGGAAGCGAAG	NTC_0367	Non-Targeting
TGATGACGTAGTCCATTGTG	NTC_0368	Non-Targeting
GAGTCGTTACCCGGTCGGAC	NTC_0369	Non-Targeting
TACTACGGGTCGTTCCGAGA	NTC_0370	Non-Targeting
GAGACGGATTGTGGGGCAGC	NTC_0371	Non-Targeting
GGTACAACTCGGGCATTCAA	NTC_0372	Non-Targeting
CTTATCACGCCGAAGTACGG	NTC_0373	Non-Targeting
ACCACCGAAACATAGGATGT	NTC_0374	Non-Targeting
CCAGGATAATGATGACCCAC	NTC_0375	Non-Targeting
CCTGTACCTACATATGGGAG	NTC_0376	Non-Targeting
CGGCCCCTATCCAGAGGAAT	NTC_0377	Non-Targeting
TCGCTGCCTCGGTTGACCCT	NTC_0378	Non-Targeting
CACCAGCGCGAGTCGTGTCG	NTC_0379	Non-Targeting
TGAGACAGAATTGACATCCG	NTC_0380	Non-Targeting
TTCATGCCCATGTTTCCATA	NTC_0381	Non-Targeting
AGCATATAGGCTGGCTGTGC	NTC_0382	Non-Targeting
TTGTAAGCTGATTGCGTGCT	NTC_0383	Non-Targeting
ATTCTGGGGCGACGCCCTCC	NTC_0384	Non-Targeting
TCCTTTCACATAAACTGGGT	NTC_0385	Non-Targeting
TTAGAGCCTGGTGGTCCCGA	NTC_0386	Non-Targeting
ACGTCCTTACGTACAGACAT	NTC_0387	Non-Targeting
CCGATCTCCGAACTCGGTGA	NTC_0388	Non-Targeting
GACAGCCGGTAAGATTTACT	NTC_0389	Non-Targeting
TGGTAAGAGTCGTGACCCTT	NTC_0390	Non-Targeting
CACCGCGTACGGATATAATT	NTC_0391	Non-Targeting
ACCGTTTGCGACTGTTCTGG	NTC_0392	Non-Targeting
GTCTCGCTAGGGTGCCGCAT	NTC_0393	Non-Targeting
TTAAGTTGATGGTGCCTTAC	NTC_0394	Non-Targeting
TCAACCGGTGGCCGCTGTTC	NTC_0395	Non-Targeting
ACGCTTAGCGGTGCTCAGTC	NTC_0396	Non-Targeting
CTTTAACTTATTCCACTGCC	NTC_0397	Non-Targeting
CTACTTTAGAATACGAGATG	NTC_0398	Non-Targeting
TGAGAAGGTACCCCGCGCCA	NTC_0399	Non-Targeting
TACCGGTCCGTCTTGCTTCG	NTC_0400	Non-Targeting
ACAGCCACAACGGGAACCAC	NTC_0401	Non-Targeting
GAGTAACATAATCAAGCCAC	NTC_0402	Non-Targeting
CACTAATGTATGGTAGCTAT	NTC_0403	Non-Targeting
AAGGCCGGACAATCTGCGTC	NTC_0404	Non-Targeting
TACACTTTCGTACAAAACTC	NTC_0405	Non-Targeting
AGTACCGCTGTACACTTAGA	NTC_0406	Non-Targeting
TGTTGAATCGGATACACTTA	NTC_0407	Non-Targeting
GACTTGGTCAGCTATTTTGT	NTC_0408	Non-Targeting
AACGTTTACGGCTCCTTGGC	NTC_0409	Non-Targeting
AACTGGACTGTATTAAAAGT	NTC_0410	Non-Targeting
TTTGGCCAGTCATCCAGATT	NTC_0411	Non-Targeting
TGATAGCGGAGGTTGAGGCC	NTC_0412	Non-Targeting
TGTCTTGTTTAAAAAGTTCT	NTC_0413	Non-Targeting
ACTAATTGTTCGCTCAGGAC	NTC_0414	Non-Targeting
TCAGGATCTAACGACAACGC	NTC_0415	Non-Targeting
GCGTAAGAAATGTTAAATAT	NTC_0416	Non-Targeting
CTCTTCAGTTGCCCACCATT	NTC_0417	Non-Targeting
TGTGGTATAGTTATTATACC	NTC_0418	Non-Targeting
AATTCCGTGCCGGGCCGCCT	NTC_0419	Non-Targeting
GGCACTTCAGATTGAGGAAT	NTC_0420	Non-Targeting
CTGTAGATGTAGAAGAGCAC	NTC_0421	Non-Targeting
CGGTGAGGGTCAAGGCGCCA	NTC_0422	Non-Targeting
TCTACGATAGTACCCTCGTT	NTC_0423	Non-Targeting
CTGTCGCTGACGCAGACGTA	NTC_0424	Non-Targeting
GAATGCTGATCGGTATATGG	NTC_0425	Non-Targeting
GCACGTTGTCCGGCACGACG	NTC_0426	Non-Targeting
GACATGAGTTGTAAGGAGAA	NTC_0427	Non-Targeting
CGTCTAATATTTCGTCGCCG	NTC_0428	Non-Targeting
GGCCACCCATTGTCATATGA	NTC_0429	Non-Targeting
CAATTCGACACGGTTGGTTG	NTC_0430	Non-Targeting
AACCTCAGCCGAAAGTTTCA	NTC_0431	Non-Targeting
TGCACTATACGTTCGTATTA	NTC_0432	Non-Targeting
CATGGGGTGCCTGTAGTCCA	NTC_0433	Non-Targeting
TTACAGCGGGCAAAAGTTAA	NTC_0434	Non-Targeting
CGGCGCTGAAACGGCCCTGG	NTC_0435	Non-Targeting
CTCTCCCTGCTCCTGATTCA	NTC_0436	Non-Targeting
ATTAATAGATGGCCGTGAGG	NTC_0437	Non-Targeting
AACTCACCCCTGGGCGCATC	NTC_0438	Non-Targeting
AGAACTATATGGCCGGTTCC	NTC_0439	Non-Targeting
AGGAGAAAGATTCATTCAAA	NTC_0440	Non-Targeting
CCATACCCATCCGGATAGCA	NTC_0441	Non-Targeting
ACCAAACCTGTGTATCTTGG	NTC_0442	Non-Targeting
GAGTCCGGGAGAGGAAACTA	NTC_0443	Non-Targeting
AACTCTTCTCCATCAAGAAG	NTC_0444	Non-Targeting
GTCCATGGTTAATACCATCA	NTC_0445	Non-Targeting
TACACACTAGTAGGATGTTA	NTC_0446	Non-Targeting
AGATGACCTTGTGAAGTGCC	NTC_0447	Non-Targeting
GCTTGAGACAGTGACTCGAT	NTC_0448	Non-Targeting
AGCTATTGTATGGTCCGCTT	NTC_0449	Non-Targeting
TGGGTCGGTATCAACGGTCG	NTC_0450	Non-Targeting
CAGTTAGTGGTATAAAATTA	NTC_0451	Non-Targeting
TCAGCAACTAGGTTGTAAAT	NTC_0452	Non-Targeting
TGCTGATGGTGAATGACGGT	NTC_0453	Non-Targeting
AGGGCTGATTCCTCTGTACA	NTC_0454	Non-Targeting
TTACCTAAGATATGCTCTGC	NTC_0455	Non-Targeting
CATGGGGCAGTGTCGAATAT	NTC_0456	Non-Targeting
CGGATAAGTCTCTACCTGAA	NTC_0457	Non-Targeting
TAGGTGTCACATAACCGGGT	NTC_0458	Non-Targeting
ATATGTGTGATGAGCCTAAT	NTC_0459	Non-Targeting
CAGAAGGGACCTGTCGCTAC	NTC_0460	Non-Targeting
CACGTAGGGGTATCAACACC	NTC_0461	Non-Targeting
AAAGGTTCTTCGGCGACTAT	NTC_0462	Non-Targeting
AATGACGAAGAATAAACAAC	NTC_0463	Non-Targeting
CAAGAACTTGTAAACCCGTT	NTC_0464	Non-Targeting
GTGCACCGGTCAGACGCGAG	NTC_0465	Non-Targeting
GCGTTAGAAGACCGCTCGTA	NTC_0466	Non-Targeting
AGCTTCGAGCTCGCGCCCGA	NTC_0467	Non-Targeting
TTTTCCAGCGGAGTCCTGCA	NTC_0468	Non-Targeting
TGGCCCCACTGAGCTTATTC	NTC_0469	Non-Targeting
TTACTTGTGCGTATGAAAAC	NTC_0470	Non-Targeting
ATCGGTATATGACACTCTAT	NTC_0471	Non-Targeting
GTTGGACCGAGATGAGTGCA	NTC_0472	Non-Targeting
CGATCCGTTAGAACTCTTAC	NTC_0473	Non-Targeting
GTTGCTTAATATGGAGGCCC	NTC_0474	Non-Targeting
CATGATTTGTGGGTCGAGTT	NTC_0475	Non-Targeting
GTTTTGAGTTCTGGAGTCCT	NTC_0476	Non-Targeting
AAGGCGAGGCAGCTGGGTTA	NTC_0477	Non-Targeting
TTGAAGTTTCTGCTGATGCG	NTC_0478	Non-Targeting
TCTGGCGAGTACGGTATCAG	NTC_0479	Non-Targeting
TTGAGACAATTCAGGCCATC	NTC_0480	Non-Targeting
ACGACGAACCAGGCATATTC	NTC_0481	Non-Targeting
TGACCACATCCCGCGGTCCT	NTC_0482	Non-Targeting
GACCCATAACTATATGTGTT	NTC_0483	Non-Targeting
CGATTGGGATGGGGCCTCTG	NTC_0484	Non-Targeting
TTTAAGAATGCGTTTTGGGG	NTC_0485	Non-Targeting
AACTTAGTACGCGCCTACAT	NTC_0486	Non-Targeting
TCGAACCGGGCGTTTGTAAT	NTC_0487	Non-Targeting
AAGTTACTAGCCACAGCTAA	NTC_0488	Non-Targeting
AAATCGTTGACGTTGGGAAT	NTC_0489	Non-Targeting
CCACGTACGAAAACGGTGTT	NTC_0490	Non-Targeting
CCAAGAGGACATCAGGTTCT	NTC_0491	Non-Targeting
CCTACCCGCTGCTTCACGTC	NTC_0492	Non-Targeting
CAGTATACTTGAGACCTGGC	NTC_0493	Non-Targeting
AGTTCCGAAATCACAGTGCG	NTC_0494	Non-Targeting
GTCCAGCTTAGGTCTGTCGA	NTC_0495	Non-Targeting
CTGCACTTGGCCCTCACATT	NTC_0496	Non-Targeting
TAAGTAACGTCGTGGTTCCA	NTC_0497	Non-Targeting
CCACCCCATTAGCACTATGA	NTC_0498	Non-Targeting
AATGCATGCACATACGCTCG	NTC_0499	Non-Targeting
GCTCGTGGCGGTTCGGTATA	NTC_0500	Non-Targeting
